{
    "frames":[
        {
            "position":{
                "x":0,
                "y":0,
                "w":200,
                "h":200
             },
             "rotated":false,
             "trimmed":false,
             "spriteSourceSize":{
                "x":0,
                "y":0,
                "w":200,
                "h":200
             },
             "sourceSize":{
                "w":200,
                "h":200
             }
        },
        {
            "position":{
               "x":200,
               "y":0,
               "w":200,
               "h":200
            },
            "rotated":false,
            "trimmed":false,
            "spriteSourceSize":{
               "x":0,
               "y":0,
               "w":200,
               "h":200
            },
            "sourceSize":{
               "w":200,
               "h":200
            }
         },
         {
            "position":{
               "x":0,
               "y":200,
               "w":200,
               "h":200
            },
            "rotated":false,
            "trimmed":false,
            "spriteSourceSize":{
               "x":0,
               "y":0,
               "w":200,
               "h":200
            },
            "sourceSize":{
               "w":200,
               "h":200
            }
         },
         {
            "position":{
               "x":200,
               "y":200,
               "w":200,
               "h":200
            },
            "rotated":false,
            "trimmed":false,
            "spriteSourceSize":{
               "x":0,
               "y":0,
               "w":200,
               "h":200
            },
            "sourceSize":{
               "w":200,
               "h":200
            }
         }
    ]
 }