{"frames":{"broken-ship-010.png":{"frame":{"x":0,"y":0,"w":2000,"h":2000},"rotated":false,"trimmed":false,"spriteSourceSize":{"x":0,"y":0,"w":2000,"h":2000},"sourceSize":{"w":2000,"h":2000}},"broken-ship-011.png":{"frame":{"x":2000,"y":0,"w":2000,"h":2000},"rotated":false,"trimmed":false,"spriteSourceSize":{"x":0,"y":0,"w":2000,"h":2000},"sourceSize":{"w":2000,"h":2000}},"broken-ship-012.png":{"frame":{"x":4000,"y":0,"w":2000,"h":2000},"rotated":false,"trimmed":false,"spriteSourceSize":{"x":0,"y":0,"w":2000,"h":2000},"sourceSize":{"w":2000,"h":2000}},"broken-ship-013.png":{"frame":{"x":0,"y":2000,"w":2000,"h":2000},"rotated":false,"trimmed":false,"spriteSourceSize":{"x":0,"y":0,"w":2000,"h":2000},"sourceSize":{"w":2000,"h":2000}},"broken-ship-014.png":{"frame":{"x":2000,"y":2000,"w":2000,"h":2000},"rotated":false,"trimmed":false,"spriteSourceSize":{"x":0,"y":0,"w":2000,"h":2000},"sourceSize":{"w":2000,"h":2000}},"broken-ship-015.png":{"frame":{"x":4000,"y":2000,"w":2000,"h":2000},"rotated":false,"trimmed":false,"spriteSourceSize":{"x":0,"y":0,"w":2000,"h":2000},"sourceSize":{"w":2000,"h":2000}},"broken-ship-016.png":{"frame":{"x":0,"y":4000,"w":2000,"h":2000},"rotated":false,"trimmed":false,"spriteSourceSize":{"x":0,"y":0,"w":2000,"h":2000},"sourceSize":{"w":2000,"h":2000}},"broken-ship-017.png":{"frame":{"x":2000,"y":4000,"w":2000,"h":2000},"rotated":false,"trimmed":false,"spriteSourceSize":{"x":0,"y":0,"w":2000,"h":2000},"sourceSize":{"w":2000,"h":2000}},"broken-ship-018.png":{"frame":{"x":4000,"y":4000,"w":2000,"h":2000},"rotated":false,"trimmed":false,"spriteSourceSize":{"x":0,"y":0,"w":2000,"h":2000},"sourceSize":{"w":2000,"h":2000}},"broken-ship-019.png":{"frame":{"x":0,"y":6000,"w":2000,"h":2000},"rotated":false,"trimmed":false,"spriteSourceSize":{"x":0,"y":0,"w":2000,"h":2000},"sourceSize":{"w":2000,"h":2000}},"broken-ship-0110.png":{"frame":{"x":2000,"y":6000,"w":2000,"h":2000},"rotated":false,"trimmed":false,"spriteSourceSize":{"x":0,"y":0,"w":2000,"h":2000},"sourceSize":{"w":2000,"h":2000}},"broken-ship-0111.png":{"frame":{"x":4000,"y":6000,"w":2000,"h":2000},"rotated":false,"trimmed":false,"spriteSourceSize":{"x":0,"y":0,"w":2000,"h":2000},"sourceSize":{"w":2000,"h":2000}}},"meta":{"app":"https://github.com/piskelapp/piskel/","version":"1.0","image":"broken-ship-01.png","format":"RGBA8888","size":{"w":6000,"h":8000}}}